Search,Date,Title,Company,Location,Description,Link,ID
data analyst,2021-12-20,Senior Reporting Analyst - Remote,UnitedHealth Group,"Layton, UT 84041•Remote","UnitedHealthcare is a company that's on the rise. We're expanding in multiple directions, across borders and, most of all, in the way we think. Here, innovation isn't about another gadget, it's about transforming the health care industry. Ready to make a difference? Make yourself at home with us and start doing your life's best work.(sm)he Senior Report Analyst will serve as a member of the UnitedHealthcare Clinical Services Quality Solutions & Value team. This person will be responsible for pulling data, creating reports, and working on major projects for the quality teams serving all lines of business. The person must be a self-starter and strong leader with outstanding analytical skills.This individual will develop and document business requirements and generate state-specific, mandated reports on affordability, quality measurement, provider profiling and other clinical transformation aims. This role will provide recommendations and drive performance improvement for the Quality Solutions & Value Deliver department, as well as our associated organizations. Scope of responsibilities includes understanding various enterprise data platforms, working with vendor reporting products, supporting audit requirements, and ensuring data aligns with clinical transformation operational processes. The Senior Report Analyst should be proficient in SQL, Excel, Tableau, and other data visualization tools. Experience with the Health Plan Effectiveness Data & Information Set (HEDIS) is an advantage. Additionally, this position will conduct and/or coordinate gap and root cause analysis, develop action plans, and coordinate mitigations to enhance the clinical transformation program.You’ll enjoy the flexibility to telecommute* from anywhere within the U.S. as you take on some tough challenges.Primary Responsibilities:*Query data sets that directly support company goals and objectives to improve the care for members*Define the approach and collaborate with technical and business/market stakeholders, including clinical program directors, to define and gather business requirements*Document and report quality information*Validate reporting requirements with stakeholders and project teams, providing suggestions and recommendations as appropriate*Analyze, review, forecast, and trend complex data pertaining to advanced performance metrics sourced from various enterprise systems*Conduct gap analysis between current and future state and assist in the build and operationalization of future processes*Analyze data and trends and perform root cause analysis to determine and establish best practices and areas of improvement*Develop and document end-to-end advanced clinical reporting and/or business process flows, data flows, system impacts, procedural task, and procedural change issues*Identify and/or establish appropriate testing metrics/targets to validate that business requirements are being met (i.e., performance metrics, process deliverables, traceability, business value)*Conduct and support testing activities (i.e., functional, regression, and production validation) for the team's deliverables*Plan and execute testing scenarios/scripts and prepare test data*Ad hoc projects as assigned*This position supports markets in multiple time zones: EST, CST, and PST. Flexibility is sometimes requiredYou’ll be rewarded and recognized for your performance in an environment that will challenge you and give you clear direction on what it takes to succeed in your role as well as provide development for other roles you may be interested in.*Required Qualifications:*Bachelor's degree or equivalent work experience*2+ years of experience working in a business and / or systems analyst role*2+ years of experience utilizing SQL to write queries for ad-hoc reporting*2+ years of experience designing reports with large data sets*2+ years healthcare experience*Advanced or Expert level of proficiency with SQL, SSRS, Tableau, and Microsoft ExcelPreferred Qualifications:*Experience with analysis and design including workflow, evaluation of business process, wireframes, etc.*Experience writing requirements and documenting business/system processes*Experience with data analysis in Oracle or SQL Server*Experience designing reports utilizing Tableau or similar reporting tools*Experience in a managed care organization or working in a hospital setting*Experience working with Medicaid, Health Home, and/or ACO data*Experience developing project plans, timelines, milestones*Knowledge and experience in healthcare systems, operations, regulatory/compliance mandates, and industry standards*Experience utilizing data dictionary to build queries and/or reporting from the ground up*Understanding of healthcare claim processing, coding, enrollment processing, electronic (EDI) transactions, and data analytics*Excellent communication, time management, problem solving, organizational, and presentation skills*Demonstrated ability to communicate analysis, including trends and opportunities, to clients and business leadership both verbally and in writing*Solid interpersonal skills, including ability to effectively interact, collaborate with, and influence key stakeholders*HEDIS reporting experience helpfulTo protect the health and safety of our workforce, patients and communities we serve, UnitedHealth Group and its affiliate companies now require all employees to disclose COVID-19 vaccination status prior to beginning employment. In addition, some roles require full COVID-19 vaccination as an essential job function. UnitedHealth Group adheres to all federal, state and local COVID-19 vaccination regulations as well as all client COVID-19 vaccination requirements and will obtain the necessary information from candidates prior to employment to ensure compliance. Candidates must be able to perform all essential job functions with or without reasonable accommodation. Failure to meet the vaccination requirement may result in rescission of an employment offer or termination of employment.Careers with UnitedHealthcare. Let's talk about opportunity. Start with a Fortune 5 organization that's serving more than 85 million people already and building the industry's singular reputation for bold ideas and impeccable execution. Now, add your energy, your passion for excellence, your near-obsession with driving change for the better. Get the picture? UnitedHealthcare is serving employers and individuals, states and communities, military families and veterans where ever they're found across the globe. We bring them the resources of an industry leader and a commitment to improve their lives that's second to none. This is no small opportunity. It's where you can do your life's best work.(sm)*All Telecommuters will be required to adhere to UnitedHealth Group’s Telecommuter Policy.Colorado, Connecticut or Nevada Residents Only: The salary range for Colorado residents is $64,800 to $116,000. The salary range for Connecticut/Nevada residents is $71,400 to $127,400. Pay is based on several factors including but not limited to education, work experience, certifications, etc. In addition to your salary, UnitedHealth Group offers benefits such as, a comprehensive benefits package, incentive and recognition programs, equity stock purchase and 401k contribution (all benefits are subject to eligibility requirements). No matter where or when you begin a career with UnitedHealth Group, you’ll find a far-reaching choice of benefits and incentivesDiversity creates a healthier atmosphere: UnitedHealth Group is an Equal Employment Opportunity/Affirmative Action employer and all qualified applicants will receive consideration for employment without regard to race, color, religion, sex, age, national origin, protected veteran status, disability status, sexual orientation, gender identity or expression, marital status, genetic information, or any other characteristic protected by law.UnitedHealth Group is a drug - free workplace. Candidates are required to pass a drug test before beginning employment.Job Keywords: business analyst, systems analyst, data analyst, clinical quality analyst, HEDIS, ACOs, C&S, Telecommute, Telecommuter, Telecommuting, Work at Home, Work from Home, Remote",https://www.indeed.com/rc/clk?jk=d36106d1d14e42cf&fccid=d3d3520998346837&vjs=3,bb113c69445ee50d94d60a25f7906943
data analyst,2021-12-20,Senior Business Intelligence Analyst,Discover,"West Valley City, UT 84120","Discover. A brighter future.*With us, you’ll do meaningful work from Day 1. Our collaborative culture is built on three core behaviors: We Play to Win, We Get Better Every Day & We Succeed Together. And we mean it — we want you to grow and make a difference at one of the world's leading digital banking and payments companies. We value what makes you unique so that you have an opportunity to shine.**Come build your future, while being the reason millions of people find a brighter financial future with Discover.**Job Description*What You’ll Do**Work with other team members on small to medium projects/initiatives. Work on analytical tasks and initiatives, prioritizes, communicates timelines, and executes with guidance from managers.**Develop datasets, dashboards, and reports for supported functions.**How You’ll Do It**Responsible for development of analysis, dashboards, reports, and data sets including performance reporting, analysis and evaluation of assigned initiatives/campaigns. On specific teams, may report on metrics to continuously evaluate the performance of machine learning solutions.**Work with managers to understand business needs and timelines. Communicate highly technical results and methods clearly.**Utilize programming language and analytical tools to conduct ad hoc analysis. May translate machine learning algorithms into code.**Develop strong relationship with other teams within Marketing and Marketing Analytics.**Attend trainings to keep up with technical skillsets.**Qualifications You’ll Need*The Basics**Bachelor’s Degree in Information Technology, Mathematics, Statistics, Analytics or related field**In lieu of education, 6+ years of experience in Data Analytics and Query Design in a quantitatively driven industry or related field**Bonus Points If You Have**4+ years of experience in Data Analytics and Query Design in a quantitatively driven industry or related field**1+ years of experience in developing optimized, complex SQL queries across large volumes of data in both relational and multi-dimensional data sources such as Teradata, Hadoop, Amazon Redshift, or Hyperion Essbase or related**1+ years of experience in utilizing industry leading Business Intelligence Tools such as Tableau, Power BI or QlikView to develop robust, interactive and visually impactful dashboards or related**What are you waiting for? Apply today!**The same way we treat our employees is how we treat all applicants – with respect. Discover Financial Services is an equal opportunity employer (EEO is the law) . We thrive on diversity & inclusion. You will be treated fairly throughout our recruiting process and without regard to race, color, religion, sex, sexual orientation, gender identity, national origin, disability, or veteran status in consideration for a career at Discover.",https://www.indeed.com/rc/clk?jk=1821226dec3c5e12&fccid=6ce7e0d9f67a9961&vjs=3,c0ef70caf05179d58dcbc0bfdf1c385a
data analyst,2021-12-20,CE Reporting Analyst - Business Analytics 4-52003010,StubHub,"Salt Lake City, UT","At StubHub, our mission is to bring the joy of live to fans globally. We're the world's largest ticket marketplace, and we make sure that the events where you want to be are never sold out.**At StubHub, we are:**Owners – We carry the ball. We act as one team, in it together. We live above the line as optimists and with a solution mindset. We are fully accountable for solving problems, both our own pieces and the whole.**Fan First – We are the fans' biggest fan. We are the fan and the voice of our fans in everything we do.**Driven – We push past the finish line, aggressively prioritize and focus on what matters most. We debate, decide, commit and deliver.**Inventive – We play a new chord; we celebrate progress over perfection and learnings as much as success. We're agile because there is always more than one way.**Courageous – We take big swings. We show up for challenges with resilience and persistence. We take risks, embrace failure as a path to learning, and speak up when we have a different opinion.**Diverse & Inclusive – We harmonize. We assume positive intent, trust and empower others; bring a global mindset and seek out alternative viewpoints.*Not sponsoring for this role**PRIMARY JOB RESPONSIBILITIES:Provide global business reporting based on Operational business requirements as key inputsDevelop reporting from a variety of data sources including Excel, MS SQL, XML, Google CloudData mining and problem solvingCreate a combination of reports, dashboards, and data points including charting and graphing to illustrate business performance and program performance to identify areas of focus and improvementIn depth research and data analysis to communicate business performance in a clear, digestible and insightful way to facilitate timely and informed decision makingDrive strategic direction of programs based on data points and insights providing global business & analytics thought leadershipTrack key performance metrics and provide analysis to explain variance vs. budget/forecast/historical trendsClearly document logic and assumptions used in report generationPromote a self-serve analytics culture for the organization by educating partners on key reports, data, dashboards, and interpretation best practices.Enforcing data ""certification"" practices to help the organization move to a single ""truth"" for data, reporting, and analyticsMaintenance of data integrity**REQUIRED QUALIFICATIONS:BS Degree in Statistics/Mathematics or quantitative field required (or experience equivalent), PhD/MS degree definite advantage3-5 years of experience in reporting or analyticsAdvanced SQL skills are a mustIntermediate to advanced Microsoft Excel and PowerPoint are also requiredJavaScript, Power BI and Tableau experience preferredFamiliarity with R, SAS, or other data accessing/manipulation/computational toolsFamiliarity with Amazon connect, Calabrio / Teleopti WFM, and Freshworks databases preferred*Characteristics:Proven leadership experience solving business problems using analytics and/or data strategy for senior leaders in variety of business situations to drive revenue or product performanceStrong communication skills and experience distilling and transforming complex quantitative analysis into action-oriented recommendationsProven ability to clearly communicate with individuals at all levelsExcellent written, verbal and social communication skills with the ability to communicate and deal with all levels in the organization in a clear, timely and effective mannerProficient in data warehouse reporting and query designThorough knowledge of computer systems and IT componentsIntellectual curiosity, passion for problem-solving, and comfort with ambiguityInitiative to develop tools, data collection processes, and data management systemsDemonstrated diagnostic, problem solving and analytical skillsProven ability to work productively and efficiently in an independent settingOutstanding organizational and time-management skillsExcellent attention to detail and work with the highest level of accuracyAbility to thrive in a cross-functional environment while juggling multiple responsibilitiesGlobal perspective and solid understanding of business objectivesStrong promoter of diversity and inclusion as a natural way of conducting businessForecast, creatively applying regression techniques/modeling, optimization techniques, cluster analysis, A/B testing for business applications and leveraging statistical techniques to analyze customer behavior experience preferredPassion for problem-solving and comfort with ambiguity.**StubHub is licensed in the states of Arkansas, California, Colorado, Connecticut, DC, Florida, Georgia, Illinois, Kansas, Kentucky, Maryland, Massachusetts, Nevada, New Jersey, New York, North Carolina, Ohio, Oregon, Pennsylvania, Texas, Utah, Virginia, and Washington*Are you interested in joining an ambitious and close-knit team dedicated to solving meaningful customer problems? Your work will have a significant impact on the business, and help spread the joy of concerts, theater, and sports around the world.**We love creating opportunities for others by connecting people from widely diverse backgrounds, perspectives, and geographies. So, being diverse and inclusive isn't just something we strive for, it is who we are, and part of what we do each and every single day. We want to ensure that as an employee, you feel StubHub is a place where, no matter who you are, you feel safe, included, and that you have the opportunity to bring your unique self to work.",https://www.indeed.com/rc/clk?jk=3fb17727a934e74d&fccid=04f3d33b600fe96a&vjs=3,bd82cb92434455e08b8df673d648bb06
data analyst,2021-12-20,US Tech Senior Business Analyst,PRICE WATERHOUSE COOPERS,"Salt Lake City, UT 84111 (Downtown area)","A career in Information Technology, within Internal Firm Services, will provide you with the opportunity to support our core business functions by deploying applications that enable our people to work more efficiently and deliver the highest levels of service to our clients. You’ll focus on managing the design and implementation of technology infrastructure within PwC, developing and enhancing both client and internal facing applications within PwC, and providing technology tools that help create a competitive advantage for the Firm to drive strategic business growth.*Our Business Analysis – Practice Support team oversees Information Technology project lifecycles to help align our Information Technology solutions with our business needs by identifying and addressing gaps. As a part of the team, you’ll help optimise opportunity cost, document the right requirements to create solutions that meet user needs, improve efficiency by reducing rework, and shortening project timelines.*To really stand out and make us fit for the future in a constantly changing world, each and every one of us at PwC needs to be a purpose-led and values-driven leader at every level. To help us achieve this we have the PwC Professional; our global leadership development framework. It gives us a single set of expectations across our lines, geographies and career paths, and provides transparency on the skills we need as individuals to be successful and progress in our careers, now and in the future.*As a Senior Manager, you'll work as part of a team of problem solvers, helping to solve complex business issues from strategy to execution. PwC Professional skills and responsibilities for this management level include but are not limited to:*Encourage everyone to have a voice and invite opinion from all, including quieter members of the team.*Deal effectively with ambiguous and unstructured problems and situations.*Initiate open and candid coaching conversations at all levels.*Move easily between big picture thinking and managing relevant detail.*Anticipate stakeholder needs, and develop and discuss potential solutions, even before the stakeholder realises they are required.*Contribute technical knowledge in area of specialism.*Contribute to an environment where people and technology thrive together to accomplish more than they could apart.*Navigate the complexities of cross-border and/or diverse teams and engagements.*Initiate and lead open conversations with teams, clients and stakeholders to build trust.*Uphold the firm's code of ethics and business conduct.*Business Analysts apply analytical skills working with business and product owners to develop requirements and user stories stemming from product roadmaps. Analysts add value to the delivery team by working with the business and product owner to create clarity around business objectives through the development of and refinement of user stories. Our Business Analysts solve business problems working with delivery teams using Agile and scrum methodologies.*Job Requirements and Preferences:*Basic Qualifications:*Minimum Degree Required:*High School Diploma*Minimum Years of Experience:*6 year(s) of progressive roles managing IT system/software development and project management processes*Preferred Qualifications:*Degree Preferred:*Bachelor Degree*Preferred Fields of Study:*Information Technology, Computer Systems Analysis, Management Information Systems*Certification(s) Preferred:*IIBA*Preferred Knowledge/Skills:*Demonstrates extensive knowledge of, and/or proven record of success in, roles as a Business Analyst working on software development projects, preferably for a global network of professional services firms, including the following areas:*Understanding of requirements from the business or stakeholder’s perspective and translating the requirements into the appropriate deliverables in an Agile/Scrum delivery model;*Understanding of the SDLC activities expected to deliver custom developed and packaged applications and Agile Requirements Methods; and,*Understanding of all phases of applications systems analysis and the SDLC development methodology and Business Process Modeling.*Demonstrates extensive ability, and/or proven record of success, in roles considering the business implications of applying technology to the current business environment and preparing requirements from which applications can be developed including in the following areas:*Analyzing business and user needs, establishing clear business value objectives, documenting requirements, and revising existing system logic or business process difficulties to select, build or modify large, complex or mission critical information systems to achieve business value;*Performing Senior Business Analyst responsibilities working on large and complex software development, infrastructure, SaaS and/or Cloud solutions;*Applying analytical skills to evaluate and document accurate business requirements and present these requirements in a manner that is concise, measurable and flexible enough to meet project and stakeholder needs;*Managing the quality and acceptance of vendor analysis and testing of SOW deliverables in a project setting;*Developing and guiding the documentation of requirements and test cases so that the requirements and test cases are unambiguous, aligned, consistent and not in contradiction with each other;*Working collaboratively within a delivery team at all levels including stakeholder management, with considerate ability to take ownership of tasks and complete them with minimal direct supervision; and,*Developing deep business and application domain knowledge for an assigned business portfolio and/ or LoS to aid in critically evaluating the balance of both business needs and user requests.*For positions in Colorado, visit the following link for information related to Colorado's Equal Pay for Equal Work Act: https://pwc.to/coloradoifsseniormanager.*All qualified applicants will receive consideration for employment at PwC without regard to race; creed; color; religion; national origin; sex; age; disability; sexual orientation; gender identity or expression; genetic predisposition or carrier status; veteran, marital, or citizenship status; or any other status protected by law. PwC is proud to be an affirmative action and equal opportunity employer.*PwC does not intend to hire experienced or entry level job seekers who will need, now or in the future, PwC sponsorship through the H-1B lottery, except as set forth within the following policy: https://pwc.to/H-1B-Lottery-Policy*For positions based in San Francisco, consideration of qualified candidates with arrest and conviction records will be in a manner consistent with the San Francisco Fair Chance Ordinance.*282867*Please note that, at this time, to be in-person at a PwC office, client location or PwC-sponsored events, you must be fully vaccinated against COVID-19.*#LI-Remote",https://www.indeed.com/rc/clk?jk=1f72f9eb9d679878&fccid=5e964c4afc56b180&vjs=3,e7b53ab18b2e620d88b736bcfd127f87
data analyst,2021-12-20,Digital Marketing Manager Analyst - REMOTE,Working Planet,United States•Remote,"We manage tens of millions in digital ad spend annually in the pursuit of achieving record growth for our clients. That growth means we are always looking for the most talented, confident, well-adjusted independent thinkers to join our amazing team.A Day in The Life: · On Day 1, all new hires join a team· Fuel client growth through account and target optimization, data processing and analysis, running assessments, making recommendations, proposing strategy, and implementing tactics· Work in Excel to process, build and prototype tools, and solve interesting marketing-related problems· Use your organization, prioritization and innovation skills to improve team and company efficiency and efficacyWhat Success Looks Like: · Nimbly and intelligently analyze data, identify trends and craft insightful recommendations based on your observation and interpretation skills· Confidently communicate with company, team and clients and fearlessly participate in team discussions, planning, and brainstormingBenefits: Yes!Promotions: Yes!Great people to work with: Yes!FOREVER remote: Yes!Rewarding work: Yes!Fun ways to socially connect: Yes!Job Type: Full-timeBenefits:401(k)Dental insuranceHealth insurancePaid time offTuition reimbursementVision insuranceSchedule:Monday to FridayApplication Question(s):Please describe your interest in applying for this job.Education:Bachelor's (Preferred)Experience:Marketing: 2 years (Preferred)Microsoft Excel: 5 years (Preferred)Language:English (Required)Work Location: Multiple Locations",https://www.indeed.com/pagead/clk?mo=r&ad=-6NYlbfkN0Acoo2VZ8GnehhebgIXynqvgmRCbQrAddhK5J9b1Wg-O-pGZFZk0IwG7Og-PwegZJAkUgGHpDzpJF7B7R112u1N7jeLg_XTsz3-NB_lD7I0qOVaFRftBObUlQpaKkrDTjNGiodEzQjedAtf8QlNgsXZ9Uv1UBb2uaGxjxrBFb3qqHh1MdlZknfY6RlOhiXM_Y2AE7sCHQe5mR17Hh3KWK2GR2KKUsPDVYwtIk4S4WsQzC1ZY5PoBQqBaguiv21nfc5L8FfGDagrxAJ7f_stUaeOfgZD8ta5rar3Nl09YyAerZzVZxSgbLZkpr8LegkRJKNf2MO7XPt0IYnm644dS0AqM8O_0CwMm-8_65fEKCSOQR-xcFliiWWCF1748PSnOu9rtKGu4oYguHGrTm9hohPhv_-X_m_iASXjoaAuqEfebiy8QEtPj-04JW7DRwDIx0CyxPLm5Pax1-inv-5cPySURWga7Ns5xAROcR7oC9tycg==&p=4&fvj=1&vjs=3,88241ac8789824e8fcdf3884430e82aa
data analyst,2021-12-20,Digital Marketing Manager Analyst - REMOTE,Working Planet,United States•Remote,"We manage tens of millions in digital ad spend annually in the pursuit of achieving record growth for our clients. That growth means we are always looking for the most talented, confident, well-adjusted independent thinkers to join our amazing team.A Day in The Life: · On Day 1, all new hires join a team· Fuel client growth through account and target optimization, data processing and analysis, running assessments, making recommendations, proposing strategy, and implementing tactics· Work in Excel to process, build and prototype tools, and solve interesting marketing-related problems· Use your organization, prioritization and innovation skills to improve team and company efficiency and efficacyWhat Success Looks Like: · Nimbly and intelligently analyze data, identify trends and craft insightful recommendations based on your observation and interpretation skills· Confidently communicate with company, team and clients and fearlessly participate in team discussions, planning, and brainstormingBenefits: Yes!Promotions: Yes!Great people to work with: Yes!FOREVER remote: Yes!Rewarding work: Yes!Fun ways to socially connect: Yes!Job Type: Full-timeBenefits:401(k)Dental insuranceHealth insurancePaid time offTuition reimbursementVision insuranceSchedule:Monday to FridayApplication Question(s):Please describe your interest in applying for this job.Education:Bachelor's (Preferred)Experience:Marketing: 2 years (Preferred)Microsoft Excel: 5 years (Preferred)Language:English (Required)Work Location: Multiple Locations",https://www.indeed.com/pagead/clk?mo=r&ad=-6NYlbfkN0Acoo2VZ8GnehhebgIXynqvgmRCbQrAddhK5J9b1Wg-O-pGZFZk0IwG7Og-PwegZJAkUgGHpDzpJF7B7R112u1N7jeLg_XTsz3-NB_lD7I0qOVaFRftBObUlQpaKkrDTjNGiodEzQjedAtf8QlNgsXZ9Uv1UBb2uaGxjxrBFb3qqHh1MdlZknfYm8UqsHeOd66DL6WvxGkJtoE8cL0tJXt2xNj9jRyszfRMb7WX6mJFP-rAA404t63WJtSqyJNu_vaLbdmM_EdudG2MFurbg8kBWdUXGhZoBubhXJqSspdBOq6TbhZMLca8JMHVQikGSHh3_uNy8jKGQ55kVXiyYuAFF4xVLFldXZGtVEoueUBdddU6MRKmOGs2GaZ2R3Z5Okf17TZ_6k6a0c0fcuEZ-QsFKYzh_9B4hLA9i_yDmOYvQakbGI3AKEjFvljYqL-f2yziww93lI6ieApbgeTkkFtSQ3gDJ63Mr01V9o3P8W7CkA==&p=4&fvj=1&vjs=3,88241ac8789824e8fcdf3884430e82aa
data scientist,2021-12-20,Statistical Programmer II,PAREXEL,"Provo, UT 84602+30 locations","The Statistical Programmer II provides technical expertise for the conduct of clinical trials, and works with*minimal supervision to support various programming activities related to the analysis and reporting of*clinical study data. In addition, the Statistical Programmer II may fill the Statistical Programming Lead role*(or part of that role) on small, non-complex projects.*Qualifications Qualifications:*Excellent analytical skills.*Proficiency in SAS.*Knowledge and understanding of the programming and reporting process.*Knowledge of SOPs/Guidelines, ICH-GCP, and any other applicable local and international**regulations such as 21 CFR Part 11.*Ability to learn new systems and function in an evolving technical environment.*Ability to manage competing priorities and flexibility to change.*Attention to detail.*Ability to successfully work as part of a global team.*Work effectively in a quality-focused environment.*Effective time management in order to meet daily metrics or team objectives.*Show commitment to and perform consistently high quality work.*Business/operational skills that include customer focus, commitment to quality management, and**problem solving.*Knowledge and Experience:Competent in written and oral English.*Good communication skills.*Education:Educated to degree level in a relevant discipline and/or equivalent work experience. EEO Disclaimer Parexel is an equal opportunity employer. Qualified applicants will receive consideration for employment without regard to legally protected status, which in the US includes race, color, religion, sex, sexual orientation, gender identity, national origin, disability or protected veteran status.*",https://www.indeed.com/pagead/clk?mo=r&ad=-6NYlbfkN0Awiy0szp24tPN-CLKKoEcPPgeke7kxOMr2z-MVaD2GkicbFLFUwwRv7OhboYNm2YOaYtTA3IKdpDDiheyg1neUBGxokY5-B5QV2V6Ft3TnvncYVLw0LAlBFEPNrnzl8EUgfBDRhNFtjiVop2oILEMjhAq2E6njXi4abYHowQ8YwQRdMlkCBgOdU0VeYy2OVpAOPl4QUbVEsImBgUpJzUj1vGXoENFGk3E3mYTtUgIzac2sEYk8KCJAi_nBd_ZGIEA987thyBq-QURs_CS-yRM76NZDInQrVl9Bvnax7Epla1P6myhih2DMkzAs7R8ZGvqplh2R8c-njBaGt80DI_BiJXpqj9lRXaNXTjG7eWXtzk49QyxuhgM2Bro7dpvL6f18SS0kQWYRwu34dqESoP1jKbrtyxiSgOfrixwnet3kLQUqHSIfuD4j&p=0&fvj=0&vjs=3,a35f7332dd047a95baaa0121e32afa34
data scientist,2021-12-20,Principal Statistical Programmer,PAREXEL,"Provo, UT 84602+24 locations","Be part of our empowered Parexel Statistical Programming team today!**Principal Statistical Programmer (with SDTM experience) - to contribute to meaningful advances that benefit patients in need.**Location - Home based US**As a Principal Programmer you will be recognized as a subject matter expert, providing technical support and expert advice to internal and external sponsors. Parexel will provide you with the perfect opportunity to expand on your experiences and develop new skills in a stimulating work environment**KEY RESPONSIBILITIES include (not an exhaustive list of duties):**Input into and negotiate statistical programming timelines.*Ensure that timelines are adhered to coordinate and lead a statistical programming team to successful completion of a study within given timelines and budget*Monitor project resourcing, project budgets, and identify changes in scope*Ensure quality control (QC) on all process and technical activities related to derived dataset, table, listing, and figure programming in accordance with corporate quality standards*Maintain all supporting documentation for studies in accordance with WSOPs/Guidelines to ensure traceability and regulatory compliance*Provide a broad range of leadership and influencing capabilities to achieve the business objectives and goals for both Parexel and sponsors*Provide leadership, project specific training, stakeholder management, external sponsor support,resource management, and project management for the required programming tasks supporting clinical trial activities Qualifications Skills**Proficiency in SAS*Knowledge of the programming and reporting process*Knowledge of WSOPs/Guidelines/System Life Cycle methodologies, ICH-GCP and any other applicable local and international regulations such as 21 CFR Part 11 and proven practical application*Strong leadership skills*Ability to successfully work together with a (“virtual”) team (including international teams as required) as well as independently*Excellent analytical skills*Effective time management in order to meet daily metrics or team objectives Education*Educated to degree level in a relevant discipline and/or equivalent work experience*Language Skills*Excellent communication skills both verbal and written*Required skills and experience:*7+ years proficiency in SAS programming*2+ years of ADaM, CDISC or SDTM*Lead experience in a Pharma setting*Attention to detail, ability to be self-driven and solid organization skills*Excellent communication skills (verbal and written) EEO Disclaimer Parexel is an equal opportunity employer. Qualified applicants will receive consideration for employment without regard to legally protected status, which in the US includes race, color, religion, sex, sexual orientation, gender identity, national origin, disability or protected veteran status.",https://www.indeed.com/pagead/clk?mo=r&ad=-6NYlbfkN0Awiy0szp24tPN-CLKKoEcPPgeke7kxOMr2z-MVaD2GkicbFLFUwwRvVdaHn6SS9cbvX7lwDFXPKyYdcBocnWKg9Q5g7TWUfpZGlyxFb1LThoEW6yks2vqavneMOeMJw53eKFKFs_c-N6tYm25TQca2zGIH72I8T0QlqgGf3gf4zS25qNuAdzejQaGO6S2dvnySAWsyST90aRglB-_4KUe_JFY8T7u5yuuxewNtGq6ZEpce-HFrSHkos8RhpBdPIveuMNJ93QKe8JIwo1Babz117i4fS1mrlB4SHLI0pDAiUV4q_Hx2GmiA7wHcTR3dC_tf-jfXwWPA5BgQPEaCHmUE6yp2rVc_Z-z5bRftHJmBd8ZoLw4YDpQ7PWHpv54r4bSR9C4-yt0NnlliJ2IMfQJDPThZePQSr8j90JpQn5sUiZH9LYxmkJRP&p=1&fvj=0&vjs=3,40135bda6f2ee3b83ddafb3a303f55e2
data scientist,2021-12-20,Machine Learning Analyst,"Attadale Partners, LLC",United States•Remote,"About usAttadale Partners, LLC is a company in United States. We are customer-centric and social.Our work environment includes:Casual work attireModern office settingAttadale serves some of the most sophisticated and successful companies in the world. We are at the forefront of Machine Learning solutions that influence tangible business outcomes. Our clients engage Attadale because our work doesn't just automate - it changes how they do business. Attadale is a boutique Chicago-based consultancy, and we are expanding our ML team!You are: Detail oriented, with technical skills including coding, statistics, and analytics. You have some experience with data science, and want to learn to apply those skills to real world problems while working side-by-side with experienced data scientists.The job can be as exciting as you envision, with select responsibilities including: Analysis of complex datasets with Python, or similar toolsDevelopment of insights from dataCommunicating patterns, nuances, and importance of findings to audiences with a range of technical experienceCreative and strategic thinking about implications of analytics for businessExcellent communication skills are a mustTeamwork will be required, both between Attadale employees and with client staffExperience with the following are preferred: Machine learning (ML), especially including Natural Language Processing (NLP) or unsupervised techniquesProfessional experience in a client-facing roleExcellent project and program management skills to deliver critical business impact on timeRequirementsBachelor's degree from a top schoolPosition requires periodic travelCandidates based in the greater Chicago-land area are preferredAttadale employees seek out opportunities to challenge their limits as a professional, every day. If you are interested in learning more, we look forward to reviewing your resume.Job Type: Full-timeBenefits:401(k)401(k) matchingFlexible scheduleHealth insuranceHealth savings accountPaid time offParental leaveRetirement planSchedule:Monday to FridaySupplemental Pay:Bonus paySigning bonusCOVID-19 considerations:Attadale is largely working remote. When we do gather we follow the most current guidance from the CDC and local regulators.Education:Bachelor's (Required)Experience:Python: 1 year (Preferred)Analyst: 1 year (Preferred)Work Location: Multiple Locations",https://www.indeed.com/pagead/clk?mo=r&ad=-6NYlbfkN0DxfL9a7BL3mhTVAY5aRiqS1XyXiv_shk4pctZMQSgCUl4WgA43HeSkdCSNdfN_Q79E-dqeQbboW7mbCV2tPFPYcu7DfE-9lB-g1YwbsspIVKpCedDNRPrjSVsnoB2qP326zosV40eCf3DLU8Kis69JvD8T4lyPT-z6223_B64DtbOpfmkdsWn0HWYsmh5dHDtSyDvGf3bBnQZCtUXvNCj9MYm4DuXQA0H0tY2z1eZ9Ca8AoelP3240pSaBahPtlqDiiGZT4EacppIHNSffRGo95NXZ5Z3yC1XXNCYlq4Vg2KOg9JPKjgxfOsmSjIZ8brG9s6OPNuNASLq9MNW49LLc2_GyMk9fENKSN9LVRJCGfalJlpuFPOz9BDFIllS9Qs_NtR3K-PSRhGTo8X4Ex8g0BoJKc5XE4VPlrNsPfVHI0CAJ9AZiujp6u7cB9tZ57cb1B1zcwvFR5MMYX1aCPz4NbvDQ6ZHAYpGEV5pUzycXs99Wg4XbVbWy_BTWAwmJYO0=&p=2&fvj=1&vjs=3,ca40772b4e7e2b243e1b654ebe537fc7
data scientist,2021-12-20,5928 - Statistical Programmer,Cytel - USA,United States,"Cytel provides unrivaled biostatistics and operations research knowledge to our customers in the life sciences industries in the form of both software and services. At Cytel, we work hard to create successful careers with significant professional growth for our employees, as a result of which they work hard to make Cytel successful. Cytel is a place where talent, experience and integrity come together to advance the state of clinical development.**We are currently looking for technically Statistical Programmers to support a client's programming activities within their Full Development projects.*How you will contribute:*Work together with our customer's statistical and programming teams*Provide hands-on contributions to customer's statistical programming activities on their trials and projects in drug development*Contribute toncluding dataset and output programming as well as QC and validation activities*Ensure quality and timeliness of own deliverables*Communicate effectively with the related stakeholders and other team members*Contribute to other tasks as appropriateWhat you offer:*Bachelor degreein Statistics, Life Sciences, Computer Sciences or similar field. Master's level preferred*Experience in statistical programming working with clinical trial data in the Pharmaceutical & Biotech industry.*Good proficiency in SAS applied to clinical trial and project data*Strong team player*Knowledge of CDISC, in particular ADaM and reporting standards, is desired*Good analytical and troubleshooting skills*Ability to work effectively and successfully in a globally dispersed team environment with cross-cultural partners.Meaningful Work, Collaborative Culture, Stimulating Challenges*Our collaborative working environment encourages innovation and rewards results, and we are proud to have one of the lowest turnover rates in the industry.*In addition to a competitive compensation, we offer an excellent benefits package, annual bonus incentive, promote work-life balance, and the opportunity to grow with us!*Work with respected experts in the fields of statistical programming.**#LI-CR1**Cytel Inc. is an Equal Employment / Affirmative Action Employer. Applicants are considered for all positions without regard to race, color, religion, sex, national origin, age, veteran status, disability, sexual orientation, gender identity or expression, or any other characteristics protected by law.**Cytel does not accept referrals from employment businesses and/or employment agencies in respect of the vacancies posted on this site. All employment businesses/agencies are required to contact Cytel’s human resources department to obtain prior written authorization before referring any candidates to Cytel. The obtaining of prior written authorization is a condition precedent to any agreement (verbal or written) between the employment business/ agency and Cytel. In the absence of such written authorization being obtained any actions undertaken by the employment business/agency shall be deemed to have been performed without the consent or contractual agreement of Cytel. Cytel shall therefore not be liable for any fees arising from such actions or any fees arising from any referrals by employment businesses/agencies.",https://www.indeed.com/pagead/clk?mo=r&ad=-6NYlbfkN0DPiPBVS3KmjTqjymWZvPzPJEsEe9JFHhSvGO4UmOZP0kOy32CS6_PT7hbGwRraUefaVOS6x4b9XbNUrEGD4Ja_oYXT3jKaXdHi76Kh-57Tn5scbYtLWGM1bVhGc3taq-PVwwctC2m0rJkWm4FrK-xrXejcK_rM_D3aNI6-vwHHstK2TzLpROIMa0wsDHocRF_pje2fAarMwLbVcV_M_hJNvmhHIg8qG7VjkNHekJS5JY9VnkYeTE0aAXx-tSLWeLgX1w7XjOMn6udXZ_6-XUNUsBXSQdwMN1UBVa-jO83R6BlsL-bIBqouiw1f7AEyfpDltmovY7CjDoRVbk40R-B-dwcmVkkCIn1IlDyZK9gJPNQqbARXdorMIygvPekKjmpVEI54-fGSudcjqY9-idKwOPufpfUQLke-hOTWaOXQPnlTmsj6jep8LYG8mY23hZetoHEpPxXRCQOBwdqu3Oy9VTVtvVSqbHx6sNph_-1zQgS5bsuVXOFV7NDF9YN5mN7dnGeJF2URQbU06JRG_ZriCky615Nerw-RHWwPktlWzqJniom0AQkz2gTxhyJJWuOZ09fUfTGWB3-YOxc4pV7fXpCeLAhCnT2bfUmrMyDnYXFO2R3Np7Ojq5eFEtULQmSuZxG24fRX56ZTMwJ0PEuTPw7jYyzcDIWn7tWlgf1nGc2zBytG5vCY_cNQA0PnGRfa5KgCsoJqslKk1KSuQUZkN4gbU06hPI55blXfo8qYvtBbXpSrNui9xjYEx3GJtF-1fDPeRnQYsoO7PRHEvUYF7Ao3WK9cCOwaBg8KusKrbxQDzLVKwcsAThMG_buJT768LsbuvB26sO2zEDRYgxlfIMqZCjZVTJg=&p=3&fvj=0&vjs=3,38c4b9a8df6f3bab5f4b9e194f49fc87
data scientist,2021-12-20,Principal Stat Programmer,Syneos Health - USA,United States,"DescriptionPrincipal Statistical Programmer*Come discover what our 25,000+ employees already know: work here matters everywhere. We're a growing and evolving biopharmaceutical industry leader, which means you'll have endless opportunities to work with experts around the world and build the career you've dreamed of.**As a part of the Syneos Health team, you'll help us deliver results for a rewarding reason - we improve patients' lives around the world. Because to us, a patient isn't just a number, they're our family, friends, and neighbors.Why Syneos Health#SyneosHealthLife means we're committed to our Total Self culture - where everyone can authentically be themselves. Our Total Self culture is what unites us globally, and we know every person's unique contributions make a difference.*We believe our success is a direct result of the people who are driving it - you! We value your dedication to care for our customers and patients, so we want to focus on taking care of you. That's why we offer a comprehensive benefits program encompassing your total health - physical, mental and financial.*We are continuously building the company we all want to work for and our customers want to work with. Why? Because when we bring together diversity of thoughts, backgrounds, cultures, and perspectives - we're able to create a place where everyone feels like they belong.*Job responsibilitiesUses SAS, or other software, to develop custom programming code to generate summary tables, data listings, graphs and derived datasets as specified in the statistical analysis plan and programming specifications.*Works to ensure that outputs meet quality standards and project requirements.Performs validation programming and works with other programmers, biostatisticians, and other project team members to resolve discrepancies or any findings.Keeps project team members informed of programming progress and issues requiring their attention.Follow applicable SOPs, WIs, and relevant regulatory guidelines (e.g. ICH).Maintains well organized, complete, and up-to-date project documentation, testing, and verification/quality control documents and programs ensuring inspection readiness.Manages scheduling and time constraints across multiple projects at a time, sets goals based on priorities from management, and adapts to timeline or priority changes by reorganizing daily workload.Develops specifications for datasets and outputs of any complexity according to statistical or sponsor requirements. Anticipates and addresses potential programming issues, reflects forethought, establishes the basis for efficient programming and accurately defines all variables to be accepted by peer review and sponsor/requestor with little rework.Conducts effective internal meetings (appropriate in format, frequency and attendance). Distributes relevant information in advance. Ensures minutes are promptly and accurately distributed. Follows action items through to completion, and maintains order and focus of meetings, working toward consensus.*Displays willingness to work with others and assist with projects and initiatives as necessary to meet the needs of the business.Accountable for on-time delivery across concurrent programming deliverables. Negotiates programming timelines and provides risk mitigation plans for projects or programs, as needed. Proactively informs management of the status of deliverables and significant project or program issues, including planned resolutions.Acts as the lead statistical programmer. Directs the programming activities of other programming personnel and monitors progress on programming deliverables.Reviews project documentation such as Statistical Analysis Plan, mock shells, programming specifications, annotated CRFs, and SAS database design. Provides feedback to the appropriate project team members which reflects forethought and reduces inefficiencies in programming activities.Participates in sponsor meetings, kickoff meetings, and bid defense meetings as statistical programming representative, as required by sponsor.Contributes to the mentoring of programming personnel through developing training courses, presenting training materials, reviewing work, and providing feedback or guiding new associates in process.Maintains a good working knowledge of clinical drug development, industry standards, and electronic submission requirements; serves as a technical expert resource to other department members for complex programming questions.Works cooperatively with other biostatistics and statistical programming personnel to establish standard operation procedures (SOPs), guidelines, policies, and/or procedures.*Contributes technical expertise to the development of programming tools and macros for standardization and efficiency.When serving as a technical subject matter expert for CDISC and other industry and regulatory requirements, provides guidance and training to the Biostatistics group and other departments on the appropriate use of CDISC StandardsWhen serving as a subject matter expert for CDISC and other industry and regulatory requirements, performs compliance reviews of project deliverables for CDISC deliverables including SDTM and ADaM specifications and datasets as well as any regulatory required documents. (i.e. DEFINE.XML)When serving as a subject matter expert for CDISC and other industry and regulatory requirements, actively participates in industry standards organizations and provides regular updates to the Biometrics Department on upcoming changes to those standards.Transfers deliverables.Performs other work-related duties as assigned.Minimal travel may be required*QualificationsWhat we're looking forUndergraduate degree, preferably in a scientific or statistical discipline; in lieu of degree, an equivalent combination of education and demonstrated programming experience.Extensive programming experience in SAS or other required software, preferably in a clinical trial environment as demonstrated by the ability to lead multiple complex and/or global projects with teams of statistical programmers.Knowledge and experience in the use of CDISC Standards for regulatory agency requirements. Experience in submissions to a regulatory agency preferred.Experience in mentoring others in clinical trial process and CDISC Standards.Excellent written and verbal communication skills.Ability to read, write, speak and understand English.*Get to know Syneos Health*We are the only full-service biopharmaceutical solutions company in the world. That means we bring together the best clinical and commercial minds to create a better, smarter, faster way to get medicines into the hands of patients who need it most. Learn more about Syneos Health.Additional Information:*Tasks, duties, and responsibilities as listed in this job description are not exhaustive. The Company, at its sole discretion and with no prior notice, may assign other tasks, duties, and job responsibilities. Equivalent experience, skills, and/or education will also be considered so qualifications of incumbents may differ from those listed in the Job Description. The Company, at its sole discretion, will determine what constitutes as equivalent to the qualifications described above. Further, nothing contained herein should be construed to create an employment contract. Occasionally, required skills/experiences for jobs are expressed in brief terms. Any language contained herein is intended to fully comply with all obligations imposed by the legislation of each country in which it operates, including the implementation of the EU Equality Directive, in relation to the recruitment and employment of its employees. The Company is committed to compliance with the Americans with Disabilities Act, including the provision of reasonable accommodations, when appropriate, to assist employees or applicants to perform the essential functions of the job.",https://www.indeed.com/pagead/clk?mo=r&ad=-6NYlbfkN0DPiPBVS3KmjTqjymWZvPzPJEsEe9JFHhSvGO4UmOZP0kOy32CS6_PT7hbGwRraUefaVOS6x4b9XVFTmsOwUVw_ymmaRopWdA5DULwz1VOOi33hbmWGrwYWgnuJLIdAI7rrKPXqK161p4XqE8SM507bSVAo7gUhUy4JvkA7RW421FOgykuV27y0SeCzex8VhbK9gjxz6vxLulhnKxAwJ_fbyuHYE-DJdQ7Z4AWgpybZlpL9mzPts9ZHy6SnBV1SZr4WCveBDPN7oYMJtpP5yQP5uZw_tJNQYp-sWNS7fdrOD8XF7s4SgbV7vywHYNFMA3I8_8rDd7xqYP2QRA10abpghjyBVSnpxEVhSWjgItgcSkt9egCbll02-QKygEnshywsTSui0o1TAgT2mw8eMEfpP4xAPX4CLPPFWNjmLgpnISEWCWctpeAwAo86XIHQU7QY6Qj9xLTUK3YATRK7KJ2HhoFlKULuaoOVNAntetVTg1309_ekziLNRN6De8cmOcUSpeOwU0UtM1gTxUiGeW9tz0Tp1ORE3vtFVI4aJEkYGGJt7eZCPYHXtMSNSy1W4l5R7O7VDNjOgDa0kLe6v34My_fI7eQPPmB14v87A2yPBdks6ga1AK4qsYvmsFec-zyRA6grfZxfuLuet2Wg11sgUlepD0Cm6f0993uLZt47jg8GY2D8f1ssQUE7nthJ-r8hcaYF1Y-x56ilFFhH3FGbTWKkW1uBnCbOOSODfB03c5nyEqKU-Kr3sj5THmW2JCNcjdK6JrUfcA89D4sMoFbX14U27ZoPO6ijePGtstVB_c4S8wbr00bc0qRK7QTGK2i1NWbYNtPYU3IcoUk-jVdd&p=4&fvj=0&vjs=3,91b6da81a7cc036c3ddc6a90fb2f2ea6
data scientist,2021-12-20,Senior/Principal Statistical Programmer,PAREXEL,"Provo, UT 84602+25 locations","Be part of our empowered Parexel Statistical Programming team today!**Location - Home based US**As a Principal or Senior Programmer you will be recognized as a subject matter expert, providing technical support and expert advice to internal and external sponsors. Parexel will provide you with the perfect opportunity to expand on your experiences and develop new skills in a stimulating work environment**KEY RESPONSIBILITIES include (not an exhaustive list of duties):**Input into and negotiate statistical programming timelines.*Ensure that timelines are adhered to coordinate and lead a statistical programming team to successful completion of a study within given timelines and budget*Monitor project resourcing, project budgets, and identify changes in scope*Ensure quality control (QC) on all process and technical activities related to derived dataset, table, listing, and figure programming in accordance with corporate quality standards*Maintain all supporting documentation for studies in accordance with WSOPs/Guidelines to ensure traceability and regulatory compliance*Provide a broad range of leadership and influencing capabilities to achieve the business objectives and goals for both Parexel and sponsors*Provide leadership, project specific training, stakeholder management, external sponsor support, resource management, and project management for the required programming tasks supporting clinical trial activities Qualifications Skills*Proficiency in SAS*Knowledge of the programming and reporting process*Knowledge of WSOPs/Guidelines/System Life Cycle methodologies, ICH-GCP and any other applicable local and international regulations such as 21 CFR Part 11 and proven practical application*Strong leadership skills*Ability to successfully work together with a (“virtual”) team (including international teams as required) as well as independently*Excellent analytical skills*Effective time management in order to meet daily metrics or team objectives Education*Educated to degree level in a relevant discipline and/or equivalent work experience Language Skills*Excellent communication skills both verbal and written*Required skills and experience:*5 plus years proficiency in SAS programming*2+ years of ADaM, CDISC or SDTM*Lead experience in a Pharma setting*Attention to detail, ability to be self-driven and solid organization skills*Excellent communication skills (verbal and written) EEO Disclaimer Parexel is an equal opportunity employer. Qualified applicants will receive consideration for employment without regard to legally protected status, which in the US includes race, color, religion, sex, sexual orientation, gender identity, national origin, disability or protected veteran status.",https://www.indeed.com/pagead/clk?mo=r&ad=-6NYlbfkN0Awiy0szp24tPN-CLKKoEcPPgeke7kxOMr2z-MVaD2GkicbFLFUwwRv7OhboYNm2YOaYtTA3IKdpK5cclHoT8Et5Jds8GanRbANwYIaVPpQWJq7LpXg92GvNxkXkNYqP9jH5aE1gBolVJfMwuvivfaljW10rMR0WOL0SRtfwB1J8UOt2GUjpXFnwKHFG0eggEywe_3aVt2BDJr1vOmH-VtAxRGbeTQQv8-3c_y-Gaq-0a2ByUMMfC44ODUGDS-OeOMRykmduXW-hZPzyBfawUMNXbgfnMXaFJ9CcgQNJcMnDc-4FZ18GpsQya55U8GsT-1nv5qVBVsY7tFO2k1RazPWVEPus8K9QYaM6JBMoUEZfdKvrqzJpoeGDfoiSg3BMXP9VZTZ0kjfJW69qkbrRfZ7ZOXT-KEywxU=&p=5&fvj=0&vjs=3,a7c7568c97cbf4a67f86237db9eccf21
